id,username,created_at,lng,lat,text
1517653946831147010,riqueshoc,Fri Apr 22 23:57:52 +0000 2022,-81.56190517,28.35412147,May the force be with you. @ Disney Hollywood Studios Starwars Galaxy Edge https://t.co/S9ZAfmhIbZ
1517653948311744513,F3rnMayo,Fri Apr 22 23:57:52 +0000 2022,-83.1738665,32.6782075,@NiggaStopCryin Oh yes I keep that soundtrack on rotation. And it was always Deacon for me!!! ü´†ü´†ü´†
1517653951684186112,lightskinenvy,Fri Apr 22 23:57:53 +0000 2022,-76.593943,24.074967,i love a good hood jam!!
1517653953319690240,RBPD5015,Fri Apr 22 23:57:53 +0000 2022,-83.804475,27.698681999999998,@JBoggus @TrentRoss_ going to claim Title IX lol!! I think you should get one of these and just if it to RJ‚Äôs paren‚Ä¶ https://t.co/YRQsHa1BVI
1517653975578910720,Des10_Logan,Fri Apr 22 23:57:59 +0000 2022,-83.1738665,32.6782075,Good win family foot on the gas gang more work to do üíØüíØ
1517653980431757312,Tony_Tha_Son,Fri Apr 22 23:58:00 +0000 2022,-76.593943,24.074967,Ine mad cuz Ive been in the board thrice https://t.co/PTT9rZ80Ie
1517653991714340868,JoPaWrites,Fri Apr 22 23:58:02 +0000 2022,-82.66591149999999,28.300058,"But seriously thanks to those who support across multiple platforms, it means so much"
1517653994126159873,melanated_shay,Fri Apr 22 23:58:03 +0000 2022,-84.266174,30.476215500000002,Wtf is up with @CashApp I was just finna order some foodü§¨ #cashapp #cashappdown
1517654003227709441,ellexreader,Fri Apr 22 23:58:05 +0000 2022,-83.804475,27.698681999999998,*deep sigh* okay sorry to ask but y‚Äôall think they practice circumcision on paradis
1517654004372750336,TJA929,Fri Apr 22 23:58:05 +0000 2022,-83.804475,27.698681999999998,@__KP3 Hope he gets demolished bro lol
1517654001315192833,mrbigtune,Fri Apr 22 23:58:05 +0000 2022,-83.1738665,32.6782075,@kubakurczakII @nft_acea @spriteclubNFT This is one of the newest pieces from @psychedemon‚Äôs @demondeathcult collec‚Ä¶ https://t.co/o6IndQetME
1517654021070372865,GradybabyMunk,Fri Apr 22 23:58:09 +0000 2022,-83.1738665,32.6782075,What was the point of Huerter touching him? Like what was that gonna do
1517654021502296064,lightskinenvy,Fri Apr 22 23:58:10 +0000 2022,-76.593943,24.074967,YOU NOBODY SPECIAL
1517654023612121090,angelaj602,Fri Apr 22 23:58:10 +0000 2022,-83.1738665,32.6782075,@OttoMatticBaby Waiting on mines can't wait to rock it ü§™
1517654025323397128,Edwin316_,Fri Apr 22 23:58:10 +0000 2022,-83.1738665,32.6782075,I would‚Äôve went to this hawks game tonight but ain‚Äôt no way in hell I‚Äôm paying almost $300 for some nosebleed seats
1517654066310131715,WesKhalifaNY,Fri Apr 22 23:58:20 +0000 2022,-82.67290299999999,27.7957195,@GomesDaLegend Bruh almost my whole lineup batting .300+ so I can‚Äôt see how ppl saying this
1517654088145637378,CRussGam,Fri Apr 22 23:58:25 +0000 2022,-83.1738665,32.6782075,"31 minute first inning.  Son, let me tell you about the phrase: let's beat traffic.  #Braves https://t.co/xy7rVozsBP"
1517654117883457537,mariomichelusa,Fri Apr 22 23:58:33 +0000 2022,-80.3857485,25.596807,@Libertad12021 Nice
1517654137239916544,BlakeAndrew8,Fri Apr 22 23:58:37 +0000 2022,-83.804475,27.698681999999998,Trust https://t.co/k97nmGxuVV
1517654144047325189,16p11dot2DS,Fri Apr 22 23:58:39 +0000 2022,-83.1738665,32.6782075,"I see you, targeted ad ü§ç https://t.co/FwqIjK476k"
1517654155564834817,Jrsey2Florida,Fri Apr 22 23:58:41 +0000 2022,-82.7553405,27.9927105,@catturd2 I have a tweet up that‚Äôs been losing likes ü§î
1517654168042971137,ronrothberg,Fri Apr 22 23:58:44 +0000 2022,-83.804475,27.698681999999998,@cincaldwell @MoreArtCulture What an uplifting day!  So much love and light. Thank you Cindy!
1517654179992453122,MackMayback,Fri Apr 22 23:58:47 +0000 2022,-82.679232,28.032647500000003,@richthekid Nope! I‚Äôll pick up the tab if we ever chill
1517654180718129155,157Gale,Fri Apr 22 23:58:47 +0000 2022,-83.804475,27.698681999999998,I would love Toney in Jax if we hadn‚Äôt paid a slot receiver 37mil a month ago
1517654187731218432,myidolismyrival,Fri Apr 22 23:58:49 +0000 2022,-86.6807375,32.576227,Bham what‚Äôs the vibe tonight on this fantastic Friday
1517654188184018944,brewskidude,Fri Apr 22 23:58:49 +0000 2022,-83.1738665,32.6782075,1970‚Äôs HGTV:We gotta cover up those hideous hardwoods with some linoleum or green shag carpeting!And damn! We nee‚Ä¶ https://t.co/I6ajKzTagW
1517654196773920768,BronxieTurtle,Fri Apr 22 23:58:51 +0000 2022,-81.020862,24.724565499999997,Way to pick your spot Judgey!
1517654203237376005,KushTweetin,Fri Apr 22 23:58:53 +0000 2022,-83.804475,27.698681999999998,Sippin lean in traffic wit the work I do magic
1517654206437629953,F_LoyalApparel,Fri Apr 22 23:58:54 +0000 2022,-83.1738665,32.6782075,FL CLASSIC LOGO P/O JOGGING SUIT https://t.co/GeYq2o1X6w
1517654215765774338,kieradriscoll,Fri Apr 22 23:58:56 +0000 2022,-83.804475,27.698681999999998,@vickyxking üíõüíõüíõ you‚Äôre the best
1517654218873708544,brett_burdick21,Fri Apr 22 23:58:57 +0000 2022,-80.5977635,28.175876000000002,@WPUAthletics üß± wall
1517654224527581187,stonecypher_,Fri Apr 22 23:58:58 +0000 2022,-82.579106,27.334161,Beautiful night in Sarasota! ‚òÄÔ∏èüåä https://t.co/CL1WGWEgZp
1517654235793530881,socialimpactmov,Fri Apr 22 23:59:01 +0000 2022,-80.1936,25.7751,"Just posted a photo @ Miami, Florida https://t.co/AVPbBPjV23"
1517654236884045825,METALALEX,Fri Apr 22 23:59:01 +0000 2022,-81.40234699999999,28.299370500000002,Get on this one @MetalBruno1 @nazgulqveen @lisalovescheese @Chris112183 @CoreyMirisola @metaloctonomy https://t.co/PKNYZ2qI9W
1517654270212030464,NSurf904,Fri Apr 22 23:59:09 +0000 2022,-81.404855,30.27988,@elonmusk @engineers_feed How about...... me? @elonmusk https://t.co/UFAsHcBieU
1517654281024942080,TonyRichmond17,Fri Apr 22 23:59:11 +0000 2022,-83.804475,27.698681999999998,@JeezyInTheHouse @Marlins Injoey
1517654280769093632,barbiedoll_eyw,Fri Apr 22 23:59:11 +0000 2022,-82.57241,27.96765,Wow!  What a party @Welcome2Sandbar @noshoesradio @radiojon @whiskeyjoes #Tampa https://t.co/lr9S1lsEgI
1517654288138448896,Mr312,Fri Apr 22 23:59:13 +0000 2022,-80.2333285,25.7823535,Let's go!
1517654289094746112,NedSlanders2,Fri Apr 22 23:59:13 +0000 2022,-87.053494,30.628481,This is what risk management looks like.  Learning to take an L is one of the most important aspects of trading.  I‚Ä¶ https://t.co/w1QoYgo23P
1517654299978911747,dosesof_zaina,Fri Apr 22 23:59:16 +0000 2022,-83.1738665,32.6782075,Y‚Äôall niggas really be some hoes and be surprised when I say I‚Äôll pass
1517654303917453312,tcgransee,Fri Apr 22 23:59:17 +0000 2022,-82.44269399999999,27.9965945,@krazy_4_kinder @education_24x7 @chipgaines Could design and make a bridge out of pasta/spaghetti and test with increasing weight
1517654304341078016,brianhattab33,Fri Apr 22 23:59:17 +0000 2022,-82.44269399999999,27.9965945,@DaBolt727 Was wondering why @depinto commented such a thing after liking my tweet an hour ago lol
1517654315720130560,scottyssqueeze,Fri Apr 22 23:59:20 +0000 2022,-82.7813495,28.0294185,@ericswalwell wins Twitter today
1517654320543670273,FanStreamJP,Fri Apr 22 23:59:21 +0000 2022,-81.3677725,28.501678499999997,@Chris2cott @RaysFanGio @JPPetersonshow Not sure what ‚Äúnumbers‚Äù your talking about but They are still $66 million b‚Ä¶ https://t.co/cJtbdIiFO0
1517654323097915392,TonyRichmond17,Fri Apr 22 23:59:21 +0000 2022,-83.804475,27.698681999999998,@asnchz2 Nice
1517654323240517632,TheJackBly,Fri Apr 22 23:59:21 +0000 2022,-83.804475,27.698681999999998,@tyromper HA I like this approach
1517654344698667009,turner4edu,Fri Apr 22 23:59:27 +0000 2022,-83.804475,27.698681999999998,@mrzphd @wfryer @NCCE_EdTech @MicrosoftEDU @wegotwits Such a great session. Tbank you for making the thought provok‚Ä¶ https://t.co/oUBlfmFwN2
1517654357545734144,SusanKilleen4,Fri Apr 22 23:59:30 +0000 2022,-82.170186,27.069032999999997,@POTUS Awesome
1517654381969215490,NV96308613,Fri Apr 22 23:59:35 +0000 2022,-83.804475,27.698681999999998,@FoxNews Now they are getting bullied by Death Santis too.
1517654391049924608,TheLaneFloyd,Fri Apr 22 23:59:38 +0000 2022,-83.1738665,32.6782075,Just got Kensington m cotton candy at our neighbor food truck event and it‚Äôs taking all my strength to not do this‚Ä¶‚Ä¶ https://t.co/i5JN5c08QF
1517654402429067264,FesePorter,Fri Apr 22 23:59:40 +0000 2022,-83.1738665,32.6782075,@chrissstinaa3 üòÇüòÇüòÇüò≠ I‚Äôm Ctfu ya jawn cool I guess
1517654407881629696,FLAjawn,Fri Apr 22 23:59:42 +0000 2022,-81.393653,28.6648035,"@shearer_ronald @TristanSnell You're a twat, thats all there is to it."
1517654410180108292,charlene_woolle,Fri Apr 22 23:59:42 +0000 2022,-85.8764823,30.21590726,"Dinner üç§ (@ Pompano Joe's in Panama City Beach, FL) https://t.co/0K70CP0oOz"
1517654438068039683,EliteEmpireATH,Fri Apr 22 23:59:49 +0000 2022,-81.3677725,28.501678499999997,Swea fo gaaawd üòÇüòÇ FLAWDA speed just different ü§∑üèæ‚Äç‚ôÇÔ∏èüòÇüòÇ
1517654445944983554,KareemRevived,Fri Apr 22 23:59:51 +0000 2022,-83.1738665,32.6782075,We love Faye!
1517654447018631174,CameronThomas60,Fri Apr 22 23:59:51 +0000 2022,-83.804475,27.698681999999998,Started out early today...up and on the field at 6am before school with these guys.#fsusfootball#workeveryday https://t.co/ro5JHZp7Pr
1517654469403680768,tee_time22,Fri Apr 22 23:59:56 +0000 2022,-83.804475,27.698681999999998,Week 2 begins! Panthers vs Generals! #USFL
1517654469487509512,debourbonhorto1,Fri Apr 22 23:59:56 +0000 2022,-82.7425825,27.822598499999998,@thomaslennon Well of course.  It was only slowed for a short time.
1517654473774088195,TrentRoss_,Fri Apr 22 23:59:57 +0000 2022,-83.1738665,32.6782075,@RBPD5015 @JBoggus @RBPD5015 you know @JBoggus already hooked them up during the last home stand!!! üí£üí£üí£
1517654516220538981,angelaj602,Sat Apr 23 00:00:07 +0000 2022,-83.1738665,32.6782075,@OttoMatticBaby Already saved thanks üòä
1517654517919141894,8433any,Sat Apr 23 00:00:08 +0000 2022,-81.37162,28.542313,Drinks w the girls! https://t.co/kRt6MJDfle
1517654525636657154,_Good_Fella,Sat Apr 23 00:00:10 +0000 2022,-83.30251200000001,30.8560845,Get up jimmy bucks
1517654548587892741,gstellato25,Sat Apr 23 00:00:15 +0000 2022,-81.127471,29.46547,@SeanEcom Happy to provide a dedicated rep and better service @Adyoulike x @OpenWebHQ  - you can even use the best‚Ä¶ https://t.co/71BrSX1P0o
1517654562345209858,HarpaRon,Sat Apr 23 00:00:18 +0000 2022,-83.804475,27.698681999999998,All Rise @TheJudge44 two run homer. #yankees #guardians #thirdinning
1517654572059222018,Temple91,Sat Apr 23 00:00:21 +0000 2022,-83.804475,27.698681999999998,"@Jeronimobrat @reesetheone1 Joe Gilliam, Marlin Briscoe, James Harris, Cordell Stewart"
1517654582918369282,sjmelniszyn,Sat Apr 23 00:00:23 +0000 2022,-83.804475,27.698681999999998,"@MichelleDLesley Believe it or not, but our former pastor Dominic Aquila of the Aquila report travels Egypt to teac‚Ä¶ https://t.co/S2FxEX21Hc"
1517654614933483520,TheLaneFloyd,Sat Apr 23 00:00:31 +0000 2022,-83.1738665,32.6782075,Just got Kensington cotton candy at our neighbor food truck event and it‚Äôs taking all my strength to not do this‚Ä¶‚Ä¶ https://t.co/czZ8Bb5gD8
1517654622588051459,PeteWestPark,Sat Apr 23 00:00:33 +0000 2022,-82.7258055,28.2754335,@WayneTyson11 @Wendys I like that road. Plenty of trees and wilderness
1517654630620094464,glxtis,Sat Apr 23 00:00:35 +0000 2022,-83.804475,27.698681999999998,What does the yellow fire coming out of Trash the dragon‚Äôs mouth symbolize? I notice it‚Äôs yellow
1517654635665838080,sgt623,Sat Apr 23 00:00:36 +0000 2022,-81.393653,28.6648035,"@Skipper_Hoss @Michael_Aiello ""Chuck! I got it! Take LIVE tuna fish, and FEED 'em mayonnaise!"""
1517654640715829249,jlhicks43,Sat Apr 23 00:00:37 +0000 2022,-87.301941,30.4191295,@SallyVee19 @PirrohasFans You think I will get a answer?
1517654644717232130,ProperNig,Sat Apr 23 00:00:38 +0000 2022,-82.77283,27.904263,@TheRaysin Technically he's 21.
1517654644587122689,MotherSquid,Sat Apr 23 00:00:38 +0000 2022,-83.804475,27.698681999999998,"@RockyMountViews Please do! Put a rainbow flag w it? We can make a hetro-rainbow flag, too. Just something to show‚Ä¶ https://t.co/X4SWf63Utr"
1517654662131982345,MorningShiftCig,Sat Apr 23 00:00:42 +0000 2022,-83.1738665,32.6782075,He‚Äôs all the way back
1517654663671201793,PabloGRadio,Sat Apr 23 00:00:43 +0000 2022,-80.285189,26.0781705,Atlanta Hawks have resorted to the street stuff
1517654668247289857,rtwilliams65,Sat Apr 23 00:00:44 +0000 2022,-83.1738665,32.6782075,@MysterySolvent Backstabber by ole spice
1517654682050916352,cherylkanere,Sat Apr 23 00:00:47 +0000 2022,-80.2948925,26.1566185,#Tucker So excited for Tucker!
1517654701625458689,JulianKushman99,Sat Apr 23 00:00:52 +0000 2022,-81.2831215,28.784184,Y‚Äôall just think about getting laid and fucking bitches. I just think about making enough money to retire my family‚Ä¶ https://t.co/1FERsCjtFR
1517654702816739333,cherokee20,Sat Apr 23 00:00:52 +0000 2022,-81.986834,26.63648,@AaronParnas We must all vote him out
1517654703282307073,TheJackBly,Sat Apr 23 00:00:52 +0000 2022,-83.804475,27.698681999999998,@takeheartmonica @Gabepluguez MuahhahahahaThis is accurate
1517654721963732995,Lastofthespins1,Sat Apr 23 00:00:57 +0000 2022,-82.42046400000001,27.4133895,PositivesI found a great meal prep service to help me stay on track...I've decided to start going to CrossFit in t‚Ä¶ https://t.co/ZaaLtYrroH
1517654731954573313,ZayDaGreat954,Sat Apr 23 00:00:59 +0000 2022,-80.230358,26.1648645,Please be ok Jimmy ü§ûüèæ
1517654739609083905,jimmysulle,Sat Apr 23 00:01:01 +0000 2022,-81.0963155,29.289811999999998,"@lapatina_ Evil sobs , if I was a soldier there I could not take no enemies , they would suffer before they expired."
1517654740888289280,beverlycoburn,Sat Apr 23 00:01:01 +0000 2022,-82.3302695,29.673171500000002,@acunamatata69 @GatorsBB They have you beaten already.
1517654741265928195,coachscott_09,Sat Apr 23 00:01:01 +0000 2022,-83.804475,27.698681999999998,@PlantHighSports quickly takes the lead here at the beginning of the 2nd half. 7-5 Panthers
1517654742738079746,TheBravesWay,Sat Apr 23 00:01:01 +0000 2022,-83.1738665,32.6782075,My wild stab. 30 batters per game for 35 games for 15 seasons. Prolly like 15k?
1517654743056797703,ChantaCombs,Sat Apr 23 00:01:02 +0000 2022,-84.266174,30.476215500000002,@wfsunole11 @Vanglorious13 You posted in a public forum. Let‚Äôs keep that in mind.
1517654745149751301,Cynthia75549866,Sat Apr 23 00:01:02 +0000 2022,-86.584769,30.7504415,My grandfather. I never met him. He was killed in an industrial accident when my dad was a little boy. https://t.co/TD8ylvTJpA
1517654752821141507,CameronThomas60,Sat Apr 23 00:01:04 +0000 2022,-83.804475,27.698681999999998,Happy National Beagle Day Shadow!  #mybuddy https://t.co/a22jMWI6cl
1517654753853034498,SusanKilleen4,Sat Apr 23 00:01:04 +0000 2022,-82.170186,27.069032999999997,@galt_sean @nathaliejacoby1 Awww puddy tat
1517654763181121536,Marinadelrey_x,Sat Apr 23 00:01:06 +0000 2022,-83.1738665,32.6782075,Sometimes you need Chinese food.
1517654766058356739,cheddaboi28,Sat Apr 23 00:01:07 +0000 2022,-81.34974,28.374332000000003,Help Gregg Marcel Dixon REPAIR Black America To Fix America | Committee To Elect Gregg Marcel Dixon https://t.co/CDUXskdmHw
1517654768885411842,TampaEFL,Sat Apr 23 00:01:08 +0000 2022,-83.1738665,32.6782075,Don‚Äôt sing. Please
1517654769803968512,DocRobandino820,Sat Apr 23 00:01:08 +0000 2022,-80.3533325,25.772288,He got his wind knocked out?
1517654772853182467,dopemannah,Sat Apr 23 00:01:09 +0000 2022,-82.77283,27.904263,My dad sends me tik toks
1517654772974817280,pboulware,Sat Apr 23 00:01:09 +0000 2022,-83.804475,27.698681999999998,@TheBobbyBowden was the best coach ever. ‚ÄúJust start praying!‚ÄùüòÇ #dadgum #nolefamily #Seminoles #keepCLIMBing‚Ä¶ https://t.co/qUG0XUeaYV
1517654773763297284,PabloGRadio,Sat Apr 23 00:01:09 +0000 2022,-80.285189,26.0781705,@Lakerchivasfins Fort Lauderdale. I'll take you if you ever come down.
1517654780751056899,scottyssqueeze,Sat Apr 23 00:01:11 +0000 2022,-82.7813495,28.0294185,"@FallacaroJim @GPlissken @CawthornforNC As Scotty can attest, it‚Äôs MUCH easier to tan the family jewels in a crotch less pantie ü§ì"
1517654786744754176,emily_banister,Sat Apr 23 00:01:12 +0000 2022,-81.3417295,28.600185500000002,@US2F_ Thank you!!
1517654793984126976,Samaraconnects,Sat Apr 23 00:01:14 +0000 2022,-80.2333285,25.7823535,You don‚Äôt always have to build from scratch.
1517654800518860805,TrentRoss_,Sat Apr 23 00:01:15 +0000 2022,-83.1738665,32.6782075,The best #GoWest
1517654805304463362,CaribbeanChun,Sat Apr 23 00:01:16 +0000 2022,-76.593943,24.074967,why you mad he choosing me
1517654818361380864,grimm1216,Sat Apr 23 00:01:20 +0000 2022,-80.26351700000001,26.1245075,That looked like a broken rib possibly for Jimmy. Hopefully it‚Äôs nothing that serious.
1517654819254771712,K45p3R_,Sat Apr 23 00:01:20 +0000 2022,-82.05187699999999,26.907598999999998,And back to my beautiful Florida #Florida #SaltLife https://t.co/XsLnTCZroO
1517654830822703104,Eric_Birdland,Sat Apr 23 00:01:22 +0000 2022,-82.5330735,27.3411215,O‚Äôs 3B prospect Moises Ramirez shows off the glove AND the arm making this smooth play for the out #defense #corner‚Ä¶ https://t.co/1dHQpbISq0
1517654840763109377,DtriNi2Swt,Sat Apr 23 00:01:25 +0000 2022,-83.804475,27.698681999999998,"Nooooo Jimmy , please be okay I'll be good I promise.  #HEATCulture"
1517654841132212224,BigJonMr305,Sat Apr 23 00:01:25 +0000 2022,-80.307064,25.976124,@RutgerK_ I just read the rest of your thread here ... I have the answer. Thanks bro
1517654844970045440,SomethingVulgar,Sat Apr 23 00:01:26 +0000 2022,-80.2333285,25.7823535,Yep and not to mention having to remorse for doing it. Or have to no reason to why
1517654846723268610,Mr312,Sat Apr 23 00:01:26 +0000 2022,-80.2333285,25.7823535,Find your ikegai and love what you do!
1517654849525063687,GradybabyMunk,Sat Apr 23 00:01:27 +0000 2022,-83.1738665,32.6782075,Trae has gotten punched in the face ankles taken off from under him this series. Getcho ass up butler
1517654856286281729,MaddenSanker,Sat Apr 23 00:01:29 +0000 2022,-83.1738665,32.6782075,@TBbqbeast üëÄüëÄ soon...
1517654856516911104,ithecommie,Sat Apr 23 00:01:29 +0000 2022,-80.7318815,28.313804,@SasquatchStream Angry? ‚Äú I always rage bahahah
1517654860254134275,ChantaCombs,Sat Apr 23 00:01:30 +0000 2022,-84.266174,30.476215500000002,I‚Äôm now ‚Äúsweetie‚Äù lol This guy can‚Äôt get out of his own way
1517654884845334530,mbaldwin0709,Sat Apr 23 00:01:35 +0000 2022,-84.46798522,33.89047571,Game #4 on the season. Braves vs Marlins @ Truist Park https://t.co/O6iPZDavKg
1517654889261850624,Colman44,Sat Apr 23 00:01:36 +0000 2022,-83.1738665,32.6782075,"Once again, the home plate umpire is a douche bag! What the hell is going on? Too much swag? GBO üçä"
1517654896501301248,luke_chaney4,Sat Apr 23 00:01:38 +0000 2022,-80.271087,25.6994485,"@LowkeySpitta Grabbing his side, unsure of where exactly he‚Äôs hurt"
1517654921704837120,TJLoveSr,Sat Apr 23 00:01:44 +0000 2022,-83.804475,27.698681999999998,Let‚Äôs gooooi Jimmy please don‚Äôt crash everyone‚Äôs parlay this early! Walk it off
1517654927526481923,TampaEFL,Sat Apr 23 00:01:46 +0000 2022,-83.1738665,32.6782075,I said : it‚Äôs earth day not my birthday
1517654939094470658,BigDaddBlaze,Sat Apr 23 00:01:48 +0000 2022,-80.45211649999999,25.479449000000002,Jimmy Buckets Down!!!
1517654941858471938,GPlissken,Sat Apr 23 00:01:49 +0000 2022,-82.7813495,28.0294185,@RbostonGj @FallacaroJim @CawthornforNC üëçüëçüòâYour loss.
1517654943481614340,jmd850,Sat Apr 23 00:01:49 +0000 2022,-83.1738665,32.6782075,@Walmart How can you buy anything when the checkout lines are all the way in the produce section? I just left Walma‚Ä¶ https://t.co/ZX6YCAYPRP
1517654943691415552,TRiPLESFiELD,Sat Apr 23 00:01:49 +0000 2022,-82.506284,28.017011500000002,Something a homie hopper would sayüò≠
1517654948787466246,cherokee20,Sat Apr 23 00:01:51 +0000 2022,-81.986834,26.63648,@JDCocchiarella I can‚Äôt stand our governor and will make sure to vote him out
1517654949487943680,STG_Yeh1,Sat Apr 23 00:01:51 +0000 2022,-83.1738665,32.6782075,@Coach_NBurton @Braves It be ya own peopleü•≤
1517654963995951106,TheBravesWay,Sat Apr 23 00:01:54 +0000 2022,-83.1738665,32.6782075,@itsJadyn BOOM
1517654965564620803,soul7nine,Sat Apr 23 00:01:55 +0000 2022,-81.554367,30.72093,Friday #sunset https://t.co/JN6dR7qiRJ
1517654971793215488,ChompTalkBrian,Sat Apr 23 00:01:56 +0000 2022,-82.3302695,29.673171500000002,*Slater
1517654973626081282,Pickillionaire,Sat Apr 23 00:01:57 +0000 2022,-80.2333285,25.7823535,@Legend @TheMiamiApe It‚Äôs not only fun. It is essential.
1517654973861044225,jinzojones,Sat Apr 23 00:01:57 +0000 2022,-83.1738665,32.6782075,Don't disrespect me like that
1517654975404457985,glimmerofsound,Sat Apr 23 00:01:57 +0000 2022,-82.44269399999999,27.9965945,NOT JIMMY BUCKETS üò≠
1517654978910953473,SarahSerenity17,Sat Apr 23 00:01:58 +0000 2022,-81.3677725,28.501678499999997,Happy birthday @JDMorgan . Hope your wish comes true todayüéâüéâüéâüéâüéâ#HAPPYBIRTHDAY #HappyBirthdayJeffreyDeanMorgan‚Ä¶ https://t.co/Z0DsulmNuF
1517654981389729792,molinanoel18,Sat Apr 23 00:01:58 +0000 2022,-80.2497725,26.270260999999998,@GenovesesDeli I‚Äôm ‚úåüèΩahead of you lolüç∑üç∑
1517654988960456707,AonghusOg,Sat Apr 23 00:02:00 +0000 2022,-81.3677725,28.501678499999997,"Sitting in MCO (like a real wrestler) after my first family holiday in 8 years. Work is for losers folks, give your‚Ä¶ https://t.co/Kg5bfHw0US"
1517654993377058817,ProperNig,Sat Apr 23 00:02:01 +0000 2022,-82.77283,27.904263,Tell me that the Rays never lose money without telling me they never lose money.
1517654996006981635,BrandiStearman,Sat Apr 23 00:02:02 +0000 2022,-83.804475,27.698681999999998,Way to go @CorsicanaISD!!
1517655000264101890,JackMurphy219,Sat Apr 23 00:02:03 +0000 2022,-82.7553405,27.9927105,@ZubyMusic Very true
1517655008015171585,Jordan_Milam,Sat Apr 23 00:02:05 +0000 2022,-83.1738665,32.6782075,@sinsaratea Every Republican accusation is a confession.
1517655008111742978,WaWhhoo,Sat Apr 23 00:02:05 +0000 2022,-83.1738665,32.6782075,"Drag Race finale is here, I am so excited!! #TeamAngeria #TeamWillowPill https://t.co/exGCqmnftG"
1517655017397829633,1legchad,Sat Apr 23 00:02:07 +0000 2022,-83.804475,27.698681999999998,"I could care less about Madison Cawthorn enjoying dressing up in womens lingerie, and I‚Äôm quite sure neither does‚Ä¶ https://t.co/EZS5jL6aTT"
1517655018597490690,aka12144,Sat Apr 23 00:02:07 +0000 2022,-81.97270499999999,28.049601000000003,"The people of mtg district want her off the ballot, perhaps the people in other districts should do the same to 147‚Ä¶ https://t.co/AjAXSGCNFP"
1517655023223775232,Hutton1946,Sat Apr 23 00:02:08 +0000 2022,-81.9968975,28.922832,@HottyToddyMirv @chaseSquirrel @OleMissBSB Hello my friend! Hope things are going good. Take care.
1517655023592869892,rriaaahh,Sat Apr 23 00:02:08 +0000 2022,-82.3302695,29.673171500000002,all hope is lost
1517655023529963521,gatek3ys,Sat Apr 23 00:02:08 +0000 2022,-81.238015,28.565775000000002,I am my brothers keeper. @ava https://t.co/XIRB8UfssT
1517655033940267009,Jaboy_Myles,Sat Apr 23 00:02:11 +0000 2022,-83.1738665,32.6782075,I know!
1517655035416657925,rtwilliams65,Sat Apr 23 00:02:11 +0000 2022,-83.1738665,32.6782075,"@AVenezuelan19 Why so cheap,  inflation and all,,lol"
1517655038092623872,iKerochu,Sat Apr 23 00:02:12 +0000 2022,-83.804475,27.698681999999998,the writer for this article clearly is in the same crowd of people wanting to see wolf panus
1517655046925729792,SMDCAC,Sat Apr 23 00:02:14 +0000 2022,-80.348146,25.572067,üåçHappy Earth Dayüå≥ The celebration of this holiday focuses on restoring damaged ecosystems and living a more sustain‚Ä¶ https://t.co/iTlcMyuZ2D
1517655048616038401,theyloveadonna,Sat Apr 23 00:02:14 +0000 2022,-84.266174,30.476215500000002,here for #4 ‚ù§Ô∏è #OGQueens2k22
1517655049706614785,jase1129,Sat Apr 23 00:02:15 +0000 2022,-83.1738665,32.6782075,That 2nd hit of the inning by Rojas was courtesy of the shift. Would have been a routine out.
1517655049769562114,_Good_Fella,Sat Apr 23 00:02:15 +0000 2022,-83.30251200000001,30.8560845,Tempted to watch No Way Home again
1517655066475388928,JoeTull777,Sat Apr 23 00:02:19 +0000 2022,-82.593054,27.430255,@TaraIsSquatter Oh is he gay?
1517655073190559752,Mad_King_813,Sat Apr 23 00:02:20 +0000 2022,-83.804475,27.698681999999998,@justcape_ Have a blast homie. Here are couple pics from when I took Mia to the Rays home opener. You‚Äôre going to l‚Ä¶ https://t.co/aQUgeAOGcj
1517655075690319872,halliwax,Sat Apr 23 00:02:21 +0000 2022,-83.1738665,32.6782075,I‚Äôd honest to god show them SLC Punk! https://t.co/Yuy8bvNlhH
1517655090303324160,Venzi5Ventura,Sat Apr 23 00:02:24 +0000 2022,-86.6807375,32.576227,@fresh420now Hiding people in there to get them in for free
1517655103796387843,cherokee20,Sat Apr 23 00:02:28 +0000 2022,-81.986834,26.63648,@LarrySabato @RepLizCheney Awesome congratulations
1517655104039567361,kaitlynrobrock,Sat Apr 23 00:02:28 +0000 2022,-81.522841,28.370913,THIS is my special treat to myself. Seeing Cirque du Soleil‚Äôs #DrawnToLife at Disney Springs!! https://t.co/CDEZBNOlpc
1517655104404561920,MackMayback,Sat Apr 23 00:02:28 +0000 2022,-82.679232,28.032647500000003,@souljaboy I just want to get home to @rihanna and my kids
1517655113988546565,HaydenDublois,Sat Apr 23 00:02:30 +0000 2022,-81.7123585,25.9413035,"@MattDickinson44 Where are you at, Prof?"
1517655127422865411,Bwill54,Sat Apr 23 00:02:33 +0000 2022,-83.1738665,32.6782075,Hawks defense is horrible. Miami doesnt have to work hard to score at all. Smh
1517655128999878662,KyEkinci,Sat Apr 23 00:02:34 +0000 2022,-81.219179,29.525945999999998,Nice job @PierreTristam!https://t.co/DrbRnczbEO
1517655132317564928,i_wanna_die_Tod,Sat Apr 23 00:02:34 +0000 2022,-83.804475,27.698681999999998,@ampol_moment I would fuck the shit outta his crippled ass .Have his non functional legs over my shoulders https://t.co/TzTgXzsGWp
1517655134653853701,krazii_geniius,Sat Apr 23 00:02:35 +0000 2022,-81.3677725,28.501678499999997,@InfamousDOLPHIN Lmfaoooo that was the tweet. She didn‚Äôt say it to the Uber driver tho üòÇüòÇüòÇ
1517655135803092992,TonyRichmond17,Sat Apr 23 00:02:35 +0000 2022,-83.804475,27.698681999999998,@KaylaPaige9 Good luck
1517655143520559105,GradybabyMunk,Sat Apr 23 00:02:37 +0000 2022,-83.1738665,32.6782075,Correct. It‚Äôs just gonna get him in foul trouble honestly
1517655150697066505,MagnumSilentium,Sat Apr 23 00:02:39 +0000 2022,-83.1738665,32.6782075,even when the pope tries to do a good thing he looks dumb. literally like Godgave up on this politically correct g‚Ä¶ https://t.co/DuAuUlK6cF
1517655154773929985,chyraak,Sat Apr 23 00:02:40 +0000 2022,-83.1738665,32.6782075,this does not apply to everyone but no i‚Äôm not bout to keep reaching out to you first. that‚Äôs not a friendship.
1517655158724993026,Chaosxsilencer,Sat Apr 23 00:02:41 +0000 2022,-81.467165,28.47439,Bucket list for my family https://t.co/bYnb0aUwct
1517655167759441922,FIUSoftball,Sat Apr 23 00:02:43 +0000 2022,-80.36856499999999,25.746940000000002,"FINAL | FIU 2, FAU 0 ü•é‚úÖ SP Kendahl Dunford tosses 12th CG for Win‚úÖ Second Complete-Game Shutout for the senior‚úÖ‚Ä¶ https://t.co/SQktY0Xyea"
1517655174155837442,F3rnMayo,Sat Apr 23 00:02:44 +0000 2022,-83.1738665,32.6782075,@bretticus8051 @WilliamsSonoma @Casamigos 60? Nah. I don‚Äôt but nothing smaller than a 1.75liter
1517655174751346689,jmd850,Sat Apr 23 00:02:44 +0000 2022,-83.1738665,32.6782075,@ksorbs Or your career Zena... Wait... You were Zena right?
1517655176835915776,SusanKilleen4,Sat Apr 23 00:02:45 +0000 2022,-82.170186,27.069032999999997,@Leslieoo7 He is not that good looking
1517655179088302080,cynthiacook09,Sat Apr 23 00:02:46 +0000 2022,-82.52686,28.7293145,Some people make working fun!!!!  Love my girl @Wright_Hornets‚Ä¶we definitely have to make the most of these last fe‚Ä¶ https://t.co/Nu5oBn1u6P
1517655179927166976,GPlissken,Sat Apr 23 00:02:46 +0000 2022,-82.7813495,28.0294185,@scottyssqueeze @FallacaroJim @CawthornforNC My tan lines are to die for! https://t.co/MQ0z5uiudh
1517655185081970692,SomethingVulgar,Sat Apr 23 00:02:47 +0000 2022,-80.2333285,25.7823535,@SavannahFBA How about also we stop looking for acceptance from white America.
1517655199816601602,DannyWesleylee,Sat Apr 23 00:02:50 +0000 2022,-82.369663,27.8230765,@pulte My father taught me a valuable lesson when I was pre teen he always used to come in with real dirty hands so‚Ä¶ https://t.co/u2P1SwsoPy
1517655206468665346,isisgabs,Sat Apr 23 00:02:52 +0000 2022,-82.161782,28.012166999999998,Had me on CHOKEHOLD.
1517655213326450691,Timmaaay_,Sat Apr 23 00:02:54 +0000 2022,-76.593943,24.074967,Defund injuries
1517655218711941121,WillDeas3,Sat Apr 23 00:02:55 +0000 2022,-83.804475,27.698681999999998,@eari_m @BigBoyVol @NFL Indeed https://t.co/mibhq6XMnt
1517655231160541189,GonolesJeff,Sat Apr 23 00:02:58 +0000 2022,-85.6790145,30.1801175,Factsüëáüëá
1517655233895227399,baseball_pace,Sat Apr 23 00:02:59 +0000 2022,-87.158456,30.612925,üö®SCORE ALERT!!üö®A walk to Warner and a single by Parmer puts runners at the cornersHumphreys hits a SAC FLY to ce‚Ä¶ https://t.co/1WONRn5tEc
1517655239620538376,cherokee20,Sat Apr 23 00:03:00 +0000 2022,-81.986834,26.63648,@6Blackhawks Hell yeah he is
1517655244150296578,TapangasTouch,Sat Apr 23 00:03:01 +0000 2022,-83.804475,27.698681999999998,Pull up and a Bihh ain‚Äôt ready @NurseBrownT ‚ÄºÔ∏è‚ÄºÔ∏è
1517655250630496257,SmittyNL9653,Sat Apr 23 00:03:03 +0000 2022,-86.6807375,32.576227,@mike_petriello I thought this was the velocity on his throws from the outfield when you first posted it. Lmao
1517655257521741837,TroublemakerBig,Sat Apr 23 00:03:04 +0000 2022,-80.3226305,25.940281499999998,In Need Of Some Parked Car  Conversations Therapy ü•¥ü´† https://t.co/5FYnPb9hrM
1517655261606985728,_made_in_tpa_,Sat Apr 23 00:03:05 +0000 2022,-82.44269399999999,27.9965945,@JimmyButler please be alrightüôèüèº
1517655272193466371,bethanyhuff,Sat Apr 23 00:03:08 +0000 2022,-86.6807375,32.576227,Routine plays.
1517655302862159874,FranandLayla,Sat Apr 23 00:03:15 +0000 2022,-82.74685099999999,28.085863500000002,@cnnbrk Its not good time to live in FLORIDA #ONLYBLUE
1517655307832504325,MackMayback,Sat Apr 23 00:03:16 +0000 2022,-82.679232,28.032647500000003,@baddjasz ‚ÄúNew Continent‚Äù
1517655308528754688,DannyWesleylee,Sat Apr 23 00:03:16 +0000 2022,-82.369663,27.8230765,@pulte He said they have clean money it took me quite a few years to realize what he was talking about now I completely understand
1517655310063878145,BySTCardinal,Sat Apr 23 00:03:17 +0000 2022,-81.3677725,28.501678499999997,Rode my bike and reused two plastic bottles for Earth Day today. What did you do? You degenerate Earth killing monsters.
1517655313968730115,alexinflorida2,Sat Apr 23 00:03:18 +0000 2022,-81.3677725,28.501678499999997,Waiting for my pizza üçï üòù https://t.co/PHHCszo7jJ
1517655314404986882,dogparkgal,Sat Apr 23 00:03:18 +0000 2022,-81.3417295,28.600185500000002,@Jim_Jordan @elonmusk Why are you shaking in your *cheap* boots about George Clooney's accurate depiction of you?J‚Ä¶ https://t.co/s4RegCSX9f
1517655318171422722,juliespegasus,Sat Apr 23 00:03:19 +0000 2022,-82.45907195,28.08294988,Check out the DJ'S TONIGHT at PEGASUS LOUNGE in TAMPA #pegasuslounge #813pegasusniteclub #813music #813 #djs #813dj‚Ä¶ https://t.co/BY6VkPhYxT
1517655337255542787,MitchComeaux,Sat Apr 23 00:03:23 +0000 2022,-85.8720485,30.215828000000002,Nothing more relaxing than a @TwistedTea on the beach! https://t.co/nj9Ybq869g
1517655345547599873,TapangasTouch,Sat Apr 23 00:03:25 +0000 2022,-83.804475,27.698681999999998,Heavy on chilling
1517655345723752454,Shamele72777451,Sat Apr 23 00:03:25 +0000 2022,-81.7148955,26.706266499999998,"There are many good holidays, they‚Äôre good for us. Religious holidays just took over when the christian zealots wer‚Ä¶ https://t.co/LaSTABO5e9"
1517655355744006145,Q105SNDP,Sat Apr 23 00:03:28 +0000 2022,-82.77283,27.904263,Contests are easier to win when you cheat. If you wanna know in advance what times we‚Äôre doing the contests tomorro‚Ä¶ https://t.co/8EBKKe09Pp
1517655377621532673,gatormason,Sat Apr 23 00:03:33 +0000 2022,-82.3302695,29.673171500000002,@NoLieWithBTC @politico Every accusation from a republican is actually just a confession X2
1517655384340656128,AlmostHomeFL,Sat Apr 23 00:03:34 +0000 2022,-82.00185922,26.54810217,"On the Market Now: 7 Beach Homes Made for Entertaining: Sweeping ocean views, the soothing sound of the waves, and‚Ä¶ https://t.co/fZr2ljYxJq"
1517655406805454848,GradybabyMunk,Sat Apr 23 00:03:40 +0000 2022,-83.1738665,32.6782075,"Hawks throwing it to the switch in the paint is working Trae‚Ä¶no need for the long 3. Get the switch and let gallo, Hunter and Collins work"
1517655408185425921,SMDCAC,Sat Apr 23 00:03:40 +0000 2022,-80.348146,25.572067,üö®Happening tomorrowüö® Join us for an action packed day full of talented artistsüíÜ.Links in bioüîó Get your ticketsüéü n‚Ä¶ https://t.co/VlYCtJl7Wj
1517655434160660480,cherokee20,Sat Apr 23 00:03:46 +0000 2022,-81.986834,26.63648,@SenMarkKelly Yes it is
1517655434819432448,ButterbeanMafia,Sat Apr 23 00:03:46 +0000 2022,-86.6807375,32.576227,"@elonmusk Go woke, get broke."
1517655448731762689,BigPrettyClit,Sat Apr 23 00:03:50 +0000 2022,-83.1738665,32.6782075,A whole crybaby üòÇ
1517655456897974272,martinaftuck,Sat Apr 23 00:03:52 +0000 2022,-81.689656,29.9878005,@ShawnJohn2019 @CBSSports JT Daniels this time last year
1517655459263569920,WillDeas3,Sat Apr 23 00:03:52 +0000 2022,-83.804475,27.698681999999998,@eari_m That's where I'm at ü§£üçªüëç
1517655461298065408,RoosterBTU,Sat Apr 23 00:03:53 +0000 2022,-83.1738665,32.6782075,"Yeah, no article yet. Deep diving into the grease for this one. 2 so far we're from aircraft incidents."
1517655474824519680,GatorsSB,Sat Apr 23 00:03:56 +0000 2022,-82.3302695,29.673171500000002,You can find our game on ESPNews to start tonight‚Äôs game. #GoGators
1517655475785027584,AGypsy212,Sat Apr 23 00:03:56 +0000 2022,-82.33469,29.69529,Batending tonight at Coconuts tonight! Come party with me and the Mermaids!#coconutcabaret @coconutcabaret @ Cocon‚Ä¶ https://t.co/ERdFUGLRAy
1517655480499417090,TapangasTouch,Sat Apr 23 00:03:57 +0000 2022,-83.804475,27.698681999999998,And I can get niggas and bitches with no problem üíÅüèΩ‚Äç‚ôÄÔ∏è
1517655493661138944,beans4reezy,Sat Apr 23 00:04:01 +0000 2022,-83.1738665,32.6782075,Y‚Äôall going to stop making Randall seems like this super handsome man God. He‚Äôs just aight. #TheUltimatum
1517655512300638208,SusanKilleen4,Sat Apr 23 00:04:05 +0000 2022,-82.170186,27.069032999999997,@Cords95481107 Burbs
1517655512359354368,PhilRussomanno,Sat Apr 23 00:04:05 +0000 2022,-80.2333285,25.7823535,Thank God Jimmy's okay!!
1517655527949586432,youcallmeDom,Sat Apr 23 00:04:09 +0000 2022,-82.57367500000001,27.4739745,@MoistCrouton The shoe doesnt fit
1517655551626428424,TheBravesWay,Sat Apr 23 00:04:14 +0000 2022,-83.1738665,32.6782075,@mike_petriello @grantmcauley Give me Matt Olson plz?
1517655553018900483,Tom_Laipply,Sat Apr 23 00:04:15 +0000 2022,-83.804475,27.698681999999998,@NikkiFried Name the bill where he is raising taxes‚Ä¶.Or are you a liar?
1517655558148530176,ALorenzoTV,Sat Apr 23 00:04:16 +0000 2022,-81.3677725,28.501678499999997,MAJOR CRASH: I-4 W near Conroy Rd.Drivers forced to exit off onto JYP. Express Lanes open. @WFTV‚Ä¶ https://t.co/MQ8QJsGNeZ
1517655560916717571,AndrewJLowry,Sat Apr 23 00:04:17 +0000 2022,-82.3337402,27.7894611,Sharp hop. - Drinking a Jai Low by @CigarCityBeer at @bwwings  ‚Äî https://t.co/8o6YgmF3JL
1517655565568258048,AlexMSolana,Sat Apr 23 00:04:18 +0000 2022,-80.400931,25.669266999999998,@ScottG305 @AlexDonno TuaAnon getting to me
1517655591979728896,Transhee_,Sat Apr 23 00:04:24 +0000 2022,-83.804475,27.698681999999998,"@Alex311q @EgoRecreational What point?It says: here's this dude wearing lingerie, EXPOSE HIM.What's the point bei‚Ä¶ https://t.co/ns8qvchg8T"
1517655594060161024,kimberlynnn_,Sat Apr 23 00:04:24 +0000 2022,-80.307064,25.976124,Omg how cute his baby looks just like him ü•∫
1517655597306597376,hewaytoosmooth,Sat Apr 23 00:04:25 +0000 2022,-83.1738665,32.6782075,@kylai24 Check?! We need cash baby
1517655609855852544,pjlihb,Sat Apr 23 00:04:28 +0000 2022,-80.59377,28.1434585,SYDNEY!  #GoNoles
1517655621184765952,jlhicks43,Sat Apr 23 00:04:31 +0000 2022,-87.301941,30.4191295,@SallyVee19 @PirrohasFans I know Judge Jeanine would not do that
1517655645067042820,Rmplstlskn,Sat Apr 23 00:04:37 +0000 2022,-82.551199,27.2751235,@Celtic_Asynjur A perfect black in a black hole https://t.co/LeHLKe715P
1517655645473980416,Venzi5Ventura,Sat Apr 23 00:04:37 +0000 2022,-86.6807375,32.576227,"@Freddy_Stuff_ True.  ‚ù§Ô∏èStill looking for the big red truck every time I travel on the interstate, like today. üôèüèªüôåüèªüá∫üá∏"
1517655645587181570,gatormason,Sat Apr 23 00:04:37 +0000 2022,-82.3302695,29.673171500000002,@NoLieWithBTC @politico Seriously how do you call other people groomers when you are gay AF?
1517655646853816322,ithecommie,Sat Apr 23 00:04:37 +0000 2022,-80.7318815,28.313804,Other day he so fluffyüòÇüíú https://t.co/SClGzkgaUW
1517655654256812032,_lukemattern,Sat Apr 23 00:04:39 +0000 2022,-82.3067225,27.827367000000002,Money in the bank 2011 against Punk
1517655656303628288,Zanawayna,Sat Apr 23 00:04:39 +0000 2022,-87.20465949999999,30.4547915,Giving #locs &amp; love ‚ù§Ô∏è https://t.co/wej2iDdO9D
1517655664780357632,GPlissken,Sat Apr 23 00:04:41 +0000 2022,-82.7813495,28.0294185,@RUntEntrtaind My nutsack tan lines?
1517655665929564161,jrehl38,Sat Apr 23 00:04:42 +0000 2022,-83.804475,27.698681999999998,@kit_connor Binge watched the whole show today...Awesome
1517655677497446406,dosesof_zaina,Sat Apr 23 00:04:44 +0000 2022,-83.1738665,32.6782075,I wanted to go to fin and feathers get drunk and do hookah
1517655679108014080,MackMayback,Sat Apr 23 00:04:45 +0000 2022,-82.679232,28.032647500000003,Bey can we say Barbados üáßüáß is it‚Äôs own continent well‚Ä¶‚Äú our own üòèüí±‚Äù
1517655690751496192,cherokee20,Sat Apr 23 00:04:48 +0000 2022,-81.986834,26.63648,@Acyn She is about as dumb as they come
1517655691334463488,lisahawk0206,Sat Apr 23 00:04:48 +0000 2022,-82.161782,28.012166999999998,@TomFTW6 @MrBeast @elonmusk @engineers_feed Don't see you doing anything.
1517655696514461696,molinanoel18,Sat Apr 23 00:04:49 +0000 2022,-80.2497725,26.270260999999998,@amber00827 Easy work for the Judge üßëüèº‚Äç‚öñÔ∏è üí•‚öæÔ∏è üí™üèΩ #RepBX
1517655713824260099,cherylkanere,Sat Apr 23 00:04:53 +0000 2022,-80.2948925,26.1566185,"#Tucker ""Don't Say Gay Bill"": https://t.co/bAOSFXPXMs"
1517655717943312384,InformedSaitama,Sat Apr 23 00:04:54 +0000 2022,-80.2497725,26.270260999999998,@_cryptoHOV God bless bro
1517655718182240256,DannyWesleylee,Sat Apr 23 00:04:54 +0000 2022,-82.369663,27.8230765,@pulte I am proud to be working next to my father everyday https://t.co/1WrKVRq9lr
1517655727246041088,SusanKilleen4,Sat Apr 23 00:04:56 +0000 2022,-82.170186,27.069032999999997,@MissyLu8 I guess we will find out
1517655731171962888,TouringPlans,Sat Apr 23 00:04:57 +0000 2022,-81.574481,28.414934,Photo shoot or it didn‚Äôt happen. https://t.co/emJpqlAu7Y
1517655742676967425,helicopterween,Sat Apr 23 00:05:00 +0000 2022,-83.804475,27.698681999999998,Drew Gulak needs to interfere in that match
1517655771126849540,16p11dot2DS,Sat Apr 23 00:05:07 +0000 2022,-83.1738665,32.6782075,My feet hurt from wearing flip flops but I can't stop wearing flip flops.
1517655776638246913,animalhunter666,Sat Apr 23 00:05:08 +0000 2022,-82.5330735,27.3411215,#Europeans lives matter #Mediterranean lives matter.
1517655786331193348,DAndre_,Sat Apr 23 00:05:10 +0000 2022,-83.1738665,32.6782075,Who df wanna link up tonight?
1517655800549982210,ChrisLDutton,Sat Apr 23 00:05:14 +0000 2022,-82.3302695,29.673171500000002,Does no one at the @US_FDA have a &lt;5 yr old? Why is a vaccine not available? Every runny nose or cough from a &lt;5 yr‚Ä¶ https://t.co/ZzhW4XyShh
1517655816186351616,MackMayback,Sat Apr 23 00:05:17 +0000 2022,-82.679232,28.032647500000003,What made asap think he can go to Barbados in public
1517655833554866179,Transhee_,Sat Apr 23 00:05:22 +0000 2022,-83.804475,27.698681999999998,@Alex311q @EgoRecreational Of his base against him. Strategically questionable. Morally wrong.
1517655834620313600,EdgewaterFB,Sat Apr 23 00:05:22 +0000 2022,-81.3677725,28.501678499999997,WE NEED YOUR HELP‚ÄºÔ∏èSign up link in bio https://t.co/wSvsp9t5rt
1517655841251508224,WalterW13254304,Sat Apr 23 00:05:23 +0000 2022,-83.804475,27.698681999999998,@Methuse02522550 @CallmeKeith @RealRonHoward Reading comprehension issues?
1517655852148314114,CoachB2323,Sat Apr 23 00:05:26 +0000 2022,-86.6807375,32.576227,@AnsleyBrown14 @BhamBolts2027 @Los_Stuff @ExtraInningSB @LegacyLegendsS1 @FloSoftball @IHartFastpitch Keep working kid! Love your grit!
1517655858041212929,JimRosicaFL,Sat Apr 23 00:05:27 +0000 2022,-84.266174,30.476215500000002,Some background: Campbell made legal history. ‚ÄúThe Florida-based ‚Äòparty rap‚Äô group 2 Live Crew holds the distincti‚Ä¶ https://t.co/Al1G4hZfZJ
1517655885950107651,RichardErb13,Sat Apr 23 00:05:34 +0000 2022,-81.3056535,29.898454,@todd_harrison Knock knock knocking on Heavens door‚Ä¶
1517655897970987008,BikeorBarRob,Sat Apr 23 00:05:37 +0000 2022,-86.23684,30.37427,Happy Earth Day 2022 on 04/22/22 Save the Planet #earthday #earthdayeveryday #earthday2022 #santarosabeach‚Ä¶ https://t.co/go0wx5je8M
1517655899363586049,faithwebster,Sat Apr 23 00:05:37 +0000 2022,-83.804475,27.698681999999998,@TheRealDrePapi Dis tew much
1517655912672108550,MackMayback,Sat Apr 23 00:05:40 +0000 2022,-82.679232,28.032647500000003,Who‚Äôs hyping these little niggas ???!
1517655913708015619,Maggie97796806,Sat Apr 23 00:05:41 +0000 2022,-80.3279985,26.0278895,@TheHeimster @KpopDAD1 Ja ja. I never unpacked clothes i didn't wore from LA I just added more for the Las Vegas trip. Omgoodness
1517655918955175936,RBPD5015,Sat Apr 23 00:05:42 +0000 2022,-83.804475,27.698681999999998,"@TrentRoss_ @JBoggus Looked like from the angle it was a blanket! Thought we might have went bigger!!! Yeah, I saw‚Ä¶ https://t.co/ntqWad1CFw"
1517655930187534336,F3rnMayo,Sat Apr 23 00:05:45 +0000 2022,-83.1738665,32.6782075,@bretticus8051 @WilliamsSonoma @Casamigos I just picked up some Goose. Gonna nap and get to it!!!
1517655945333153793,D0ugLyfe,Sat Apr 23 00:05:48 +0000 2022,-81.4696845,28.586641999999998,@TheKingofReads I mean I‚Äôll take it but put it away for them later but yes teach them the value of gas shit ain‚Äôt cheap
1517655947988148225,dosesof_zaina,Sat Apr 23 00:05:49 +0000 2022,-83.1738665,32.6782075,And have my fav come slut me out after I got home
1517655951356088323,ARuss2027,Sat Apr 23 00:05:50 +0000 2022,-86.6807375,32.576227,Weekly Pitch Lesson went pretty decent today! Thanks @MalloryEarp2027 &amp;  @_reaganwat @SoCal_2027 @ExtraInningSB https://t.co/OdUurl5aHG
1517655962265530369,JulienGoinUpp,Sat Apr 23 00:05:52 +0000 2022,-82.593054,27.430255,New PR 10.97 headed to regionalsüèÉüèæü•á#trackandfield https://t.co/V5vnGcxHJv
1517655967323897857,Sarahwaugh20,Sat Apr 23 00:05:53 +0000 2022,-80.40473399999999,27.6309955,@guyEugene9 Hail me
1517655971048431617,STG_Yeh1,Sat Apr 23 00:05:54 +0000 2022,-83.1738665,32.6782075,@Coach_NBurton @Braves I‚Äôll strike you out for sure‚Ä¶ https://t.co/YgGkyY0LUQ
1517655974861021184,lukewinstel,Sat Apr 23 00:05:55 +0000 2022,-83.1738665,32.6782075,@DABartonek Let‚Äôs gooooo congrats!!!
1517655974726991873,decent_deano,Sat Apr 23 00:05:55 +0000 2022,-82.67290299999999,27.7957195,Hit the clutch hit gear hit the gas and we gone. @SafeMoonAce goin üçå in here #EnhancedApes #Tesla #Giveaway‚Ä¶ https://t.co/irWtaTMZP0
1517655976580632576,__erykaa,Sat Apr 23 00:05:56 +0000 2022,-83.1738665,32.6782075,it‚Äôs bad bunny and his brothers all being pisces
1517655984059162629,ayyeCrump,Sat Apr 23 00:05:57 +0000 2022,-83.1738665,32.6782075,@Jervon_Dior This is your warning!!
1517655991353020416,ms4ourteen,Sat Apr 23 00:05:59 +0000 2022,-83.1738665,32.6782075,i got a attitude
1517655997141204995,TheBravesWay,Sat Apr 23 00:06:01 +0000 2022,-83.1738665,32.6782075,Arcia has a career wRC+ of like 71 and he is batting 6th on the defending World Series championship team. I talke‚Ä¶ https://t.co/HnzGrTlRWj
1517656002006560769,CourtneyBristow,Sat Apr 23 00:06:02 +0000 2022,-82.365178,29.638459,Ballpark kicks but make it college softball @Steve_Perrault @GatorsSB https://t.co/POjz9bYj3L
1517656013087903745,DigsRetro,Sat Apr 23 00:06:04 +0000 2022,-81.1972755,28.588445,Talk about grooming!#GroomersGonnaGroom #GroomerDeSantis
1517656013238898694,xAsiaNicole_,Sat Apr 23 00:06:04 +0000 2022,-86.4564905,30.398178,The type you can brag about ü¶ã https://t.co/gsH1uhekoh
1517656016304885762,verretelaine1,Sat Apr 23 00:06:05 +0000 2022,-82.7553405,27.9927105,@TroyCross24 @daledesigns24u @TwinsBus @01ota @bitchbaby221 @LoveVivian520 @Pgh_Buz @DTC822 @ricki7s @KindaKatty1‚Ä¶ https://t.co/WxVTj2gx1W
1517656021665157120,PaneraCareers,Sat Apr 23 00:06:06 +0000 2022,-80.194295,25.795136,"At Panera, you can expand your skills and grow your career in a variety of ways. Apply today and join our team! Sal‚Ä¶ https://t.co/IKU2UOdaZP"
1517656022957051909,andyglittle,Sat Apr 23 00:06:07 +0000 2022,-82.368322,27.998056,@JAFERDIAN This thread‚Ä¶ https://t.co/nyteqaStdP
1517656045677649921,jauntyeyepatch,Sat Apr 23 00:06:12 +0000 2022,-83.804475,27.698681999999998,"@DarrenJMeenan @ConeyIslandBeer Two of my favorite things, beer and the @Mets Greetings from a displaced NYer livi‚Ä¶ https://t.co/OYmbvAEold"
1517656046906613760,4JoshReed,Sat Apr 23 00:06:12 +0000 2022,-82.7428735,27.7205685,Nice little spot for a wedding. @TheDonCeSar https://t.co/AfHrfRWVji
1517656048462704642,ALorenzoTV,Sat Apr 23 00:06:13 +0000 2022,-81.3677725,28.501678499999997,MAJOR CRASH: I-4 W shut down near Conroy Rd.Drivers forced to exit off onto JYP. Express Lanes open. @WFTV
1517656054015967238,SusanKilleen4,Sat Apr 23 00:06:14 +0000 2022,-82.170186,27.069032999999997,@JaneCla63907166 Very pink tongue üëÖ
1517656053953048577,PoliticOverKill,Sat Apr 23 00:06:14 +0000 2022,-83.804475,27.698681999999998,I wonderü§î@NancyPelosiCFA could shed some light on the supposed Jan 6th insurrection I wonder why she refused Trump'‚Ä¶ https://t.co/ViQ1bhjmCX
1517656057719439369,DeeGib,Sat Apr 23 00:06:15 +0000 2022,-85.8720485,30.215828000000002,@TheRickWilson Franken was a dem. Cawthorn is a repub. He's not going anywhere!
1517656078737043456,SPECTacularThe1,Sat Apr 23 00:06:20 +0000 2022,-83.5,33.0,Rolling through GA...... @ Georgia https://t.co/r81Dch5YLt
1517656104343322626,NerdxFerguson,Sat Apr 23 00:06:26 +0000 2022,-82.44269399999999,27.9965945,@AlTheBoss03 Easy.The trash can.Throw that shit out.
1517656104393744388,beans4reezy,Sat Apr 23 00:06:26 +0000 2022,-83.1738665,32.6782075,Madlyn - sweetie. Cotton candy face. Randall isn‚Äôt attracted to  you; he just wants to see what that mouth do. Madl‚Ä¶ https://t.co/vlib53zE71
1517656111977050112,tperkinsbball23,Sat Apr 23 00:06:28 +0000 2022,-83.804475,27.698681999999998,Clyde ‚Äúthe Glide‚Äù Drexler was a bad boy! #FloridaBasketballBulletin https://t.co/ZTZOyGbUJx
1517656114669801472,paosmeade,Sat Apr 23 00:06:29 +0000 2022,-83.804475,27.698681999999998,"@marissarussoo @lab_shenanigans @emilynorton295 We‚Äôll make it available - you lead it, we follow."
1517656135293186048,aka12144,Sat Apr 23 00:06:33 +0000 2022,-81.97270499999999,28.049601000000003,Kevin was probably told by Trump your on your own
1517656143937642496,BethanyLikesU,Sat Apr 23 00:06:36 +0000 2022,-83.1738665,32.6782075,"I told my bf he gave me a cream puff and he said, u mean a cream pie? Lmfao idk how I got it mixed up"
1517656150962884609,GARDENER2009,Sat Apr 23 00:06:37 +0000 2022,-83.804475,27.698681999999998,@ShinyOrangeDog @DrewsockH Wish I was your friend sir
1517656152565329920,_GatorGal,Sat Apr 23 00:06:38 +0000 2022,-83.804475,27.698681999999998,Husband at my gdaughter‚Äôs Tball game (I‚Äôm not in town yet or I would be too) üòç https://t.co/YRJaUEdE4l
1517656162090508289,RobWorst,Sat Apr 23 00:06:40 +0000 2022,-80.2333285,25.7823535,MAIL CALL!!I didn‚Äôt forget #FirstAppearanceFriday so in light of today being 3 years alcohol free‚Ä¶ and that I don‚Äô‚Ä¶ https://t.co/RYOGeVKXHx
1517656168780414978,EdgewaterFB,Sat Apr 23 00:06:41 +0000 2022,-81.3677725,28.501678499999997,WE NEED YOUR HELP!Sign up link in bio#Oneteamoneheart #OTOH https://t.co/1OSGTtxDjY
1517656169849966593,_marisakathryn_,Sat Apr 23 00:06:42 +0000 2022,-81.57087849999999,28.246567,I‚Äôm going to be an absolute wreck tomorrow I can already tell. This is the best choice for me right now but it‚Äôs st‚Ä¶ https://t.co/S3Yn6nhvC2
1517656186946007041,Transhee_,Sat Apr 23 00:06:46 +0000 2022,-83.804475,27.698681999999998,"@Alex311q @EgoRecreational What point?It says: here's this dude wearing lingerie, EXPOSE HIM.What's the point bei‚Ä¶ https://t.co/GI5uSzKaUh"
1517656191475851265,kingoftennism,Sat Apr 23 00:06:47 +0000 2022,-81.18793299999999,28.6575085,@GovRonDeSantis None of those examples have critical race theory in them.
1517656192000176132,cherylkanere,Sat Apr 23 00:06:47 +0000 2022,-80.2948925,26.1566185,#Tucker Florida doesn't back down.
1517656195762475009,ellsworthjetson,Sat Apr 23 00:06:48 +0000 2022,-82.3302695,29.673171500000002,Peace and happiness isn‚Äôt for everybody! Some people wanna be broken and miserable #prayforthem
1517656198870446089,bigturnpike,Sat Apr 23 00:06:49 +0000 2022,-83.804475,27.698681999999998,It‚Äôs Henry Ruggs Friday y‚Äôall.
1517656222501163010,ItsLogie,Sat Apr 23 00:06:54 +0000 2022,-83.804475,27.698681999999998,"@x_unappreciated @BookitWithTrent Those were two examples in the previous two days, bud."
1517656223943991303,faithwebster,Sat Apr 23 00:06:55 +0000 2022,-83.804475,27.698681999999998,@TheRealDrePapi That‚Äôs a fish that ate a fish the fuq
1517656263349448708,MSports5641,Sat Apr 23 00:07:04 +0000 2022,-80.3038715,25.748093,After 3 we are up 1-0 over Pitt.. Let‚Äôs GOOOOOOOOOO Canes The U!!!!!!!!!!!!!! BEAT PITT!!!!!!!
1517656266662985728,JoeTull777,Sat Apr 23 00:07:05 +0000 2022,-82.593054,27.430255,Bonus Rant:Marjorie Taylor GreeneMarjorie Taylor GreeneMarjorie Taylor GreeneMarjorie Taylor GreeneMarjorie Ta‚Ä¶ https://t.co/3y0NSS1i6d
1517656275730976771,baseball_pace,Sat Apr 23 00:07:07 +0000 2022,-87.158456,30.612925,E1 | Pace leaves a runner stranded after tying the game Scott and the defense comes out for the 2nd https://t.co/HKi8qXztcq
1517656285428301825,PRCouple615,Sat Apr 23 00:07:09 +0000 2022,-82.368322,27.998056,Orlando we made it!!!! #orlando https://t.co/CkGlXBfRk5
1517656299311403010,keeperofti_me,Sat Apr 23 00:07:13 +0000 2022,-82.7813495,28.0294185,@AB84 You spelled ‚ÄúJOB LEAVER‚Äù wrong
1517656302960447488,Transhee_,Sat Apr 23 00:07:13 +0000 2022,-83.804475,27.698681999999998,"@Alex311q @EgoRecreational What point?It says: here's this dude wearing lingerie, EXPOSE HIM.What's the point bei‚Ä¶ https://t.co/Wogdi9cJIe"
1517656306362077187,waynegreen679,Sat Apr 23 00:07:14 +0000 2022,-84.266174,30.476215500000002,@melatoninthroat 5 minutes to start. Then comes round 2!!!!
1517656309490925572,mcgreevytweets,Sat Apr 23 00:07:15 +0000 2022,-82.60626307,28.40706957,Vacation? #communityofconsciousness @ Community of Consciousness https://t.co/flRrs5mhot
1517656339970936832,BuckWoodyMSFT,Sat Apr 23 00:07:22 +0000 2022,-82.679232,28.032647500000003,@JenMsft Anything slower than me is food
1517656349710110729,sjmelniszyn,Sat Apr 23 00:07:25 +0000 2022,-83.804475,27.698681999999998,Christians in oversea countries: we finally have a copy of God‚Äôs Word in our own language! Praise God. Evanjellie‚Ä¶ https://t.co/uLRdVSNx8e
1517656371554045954,RRHS_Baseball,Sat Apr 23 00:07:30 +0000 2022,-83.1738665,32.6782075,"‚öîÔ∏è Knights sweep the Chiefs to finish off the regular season!@JoeCable2 3.2IP, 3H, 2R, 1ER, 7K@EightBitHunter 3.‚Ä¶ https://t.co/ASNWz0z1ir"
1517656372090916864,RyansCardssLLC,Sat Apr 23 00:07:30 +0000 2022,-83.1738665,32.6782075,Look y‚Äôall i‚Äôm not like completely dumb when it comes to making me offers but no i will not sell this card for $7 o‚Ä¶ https://t.co/89HbPPeeHz
1517656377258348545,WillDeas3,Sat Apr 23 00:07:31 +0000 2022,-83.804475,27.698681999999998,We all still miss him ‚ù§Ô∏è
1517656379938512896,AmyMein,Sat Apr 23 00:07:32 +0000 2022,-82.6369205,27.385102,@kennychesney what song are you opening up with?? Lots of bets happening! Can‚Äôt wait to see you and your gang tomorrow!
1517656386603266055,TheBravesWay,Sat Apr 23 00:07:33 +0000 2022,-83.1738665,32.6782075,Heredia and Dickerson I guess serve a purpose. I don't know why Arcia is on this roster.
1517656402956853250,MichaelMartocci,Sat Apr 23 00:07:37 +0000 2022,-80.2333285,25.7823535,@catrific Bank account https://t.co/IVvPqHgJqG
1517656403707670528,cherokee20,Sat Apr 23 00:07:37 +0000 2022,-81.986834,26.63648,"@briantylercohen Florida is a corrupt state, that‚Äôs why we need a change vote blue no matter who is running"
1517656418442227712,gatormason,Sat Apr 23 00:07:41 +0000 2022,-82.3302695,29.673171500000002,@RonFilipkowski I'm totally down with anybody being whoever they want to be. But if they are an elected official wh‚Ä¶ https://t.co/iRcDiPHXcT
1517656430882570240,alannaluksha,Sat Apr 23 00:07:44 +0000 2022,-83.804475,27.698681999999998,I‚Äôve always been the one to work while they all play.
1517656445528928256,mcombs01,Sat Apr 23 00:07:47 +0000 2022,-82.05289,26.93295,"Fantastic day in Florida.  Fishing and watching the sunset on the gulf. @ Punta Gorda, Florida https://t.co/GlSkZqxkiA"
1517656446602727425,MackMayback,Sat Apr 23 00:07:48 +0000 2022,-82.679232,28.032647500000003,I know you got some ‚ÄúFed friends‚Äù well I got ‚ÄúMILITARY‚Äù You may be little miss Rihanna but you gon respect my HOME‚Ä¶ https://t.co/Xvqk3GI3Xj
1517656452122488841,SkeighterDie,Sat Apr 23 00:07:49 +0000 2022,-82.79336,27.797871,@Shadowfaaax Not to shabby ü§ò https://t.co/I0W6TLldZq
1517656457650528258,Bwill54,Sat Apr 23 00:07:50 +0000 2022,-83.1738665,32.6782075,Trae gotta be better.
